,quarter,date,kampong,price,type,storey,status,land_size,floor_size,beds,baths,land_type,public_tender,Additional.Remark.s.,Agent,Source.s.,Owner,Is_Accurate
1,2023 Q4,2023-11-22T00:00:00Z,Kg. Jangsak,218000,Semi-Detached,2,Proposed,0.0768,1664.31,4,3,Freehold,NA,"üî•üè° ON-GOING CONSTRUCTION - SEMI DETACHED FOR SALE (SH-G102)üî•  üìç Kg Jangsak üí∞ Selling Price: From $218,000.00  üõè 4 bedrooms üõÅ 3 bathrooms üöó 2 parking space ‚≠ê Land Title: Kekal | In-Perpetuity ‚≠ê Land Size: 0.0494 - 0.0768 ac ‚≠ê Floor Size: 1,664.31 sqft  üöó Convenience ‚ñ™8 mins to highway ‚ñ™8 mins to nearest petrol station ‚ñ™15 mins to Gadong ‚ñ™30 mins to airport  We assist in: ‚úÖ Bank Loan Application ‚úÖ Legal Documentation Arrangement  CONTACT US via WhatsApp for more information      HOMECITY PROPERTY & MANAGEMENT SDN BHD (ISO9001:2015 & BOVEA CERTIFIED REAL ESTATE AGENT: Certificate Registration No: 000321EA)                            @homecity_propertymanagement",NA,Bruhome,HJ,1
2,2022 Q4,2022-10-16T00:00:00Z,Kg. Tanah Jambu,250000,Detached,2,New,0.5,2000,3,2,Freehold,NA,Did you know? ü§î,NA,Bruhome,HJ,0
3,2021 Q4,2021-10-12T00:00:00Z,Kg. Penabai,260000,Detached,NA,New,0.19,2783,4,4,Freehold,NA,"Kg Penabai/KgTutong üèò On construction 17 units Detached Houses  üü©0.19 acre kekal ‚ú¥üí≤$260,000 ‚ú¥üõå4 üõÄ4 ‚ú¥2783sf ‚òéÔ∏è8711651  ‚òéÔ∏è8834798",NA,Bruhome,HJ,1
4,2023 Q4,2023-11-21T00:00:00Z,Kg. Pangkalan Gadong,338000,Semi-Detached,3,,0.25,2800,5,4,Leasehold,NA,"üî•MODERN CONCEPT üè° 3 STOREY SEMI DETACHED FOR SALE (SH-G126)üî•  üìç Batu Bersurat, Gadong üí∞ Selling Price: from $338,000.00  üõè 5 bedrooms üõÅ 4 bathrooms üöó 2 parking space ‚≠ê Floor size appx 2,800 sqft ‚≠ê Kekal | In Perpetuity ‚≠ê Modern concept  üöó Convenience ‚ñ™ 8 mins to highway ‚ñ™ 12 mins to Gadong area ‚ñ™ 12 mins to Batu Bersurat area  We assist in: ‚úÖ Bank Loan Application ‚úÖ Legal Documentation Arrangement  CONTACT US via WhatsApp for more information      HOMECITY PROPERTY & MANAGEMENT SDN BHD (ISO9001:2015 & BOVEA CERTIFIED REAL ESTATE AGENT: Certificate Registration No: 000321EA)                            @homecity_propertymanagement",NA,Bruhome,HJ,1
5,2023 Q4,2023-11-28T00:00:00Z,Kg. Jerudong,370000,Detached,NA,Resale,0.132,2963,5,5,Freehold,NA,"‚ú®Jerudong‚ú®  JERUDONG DETACHED READY TO MOVE IN FINAL DETACHED UNIT (unit 10)  > Spacious Bedrooms All Ensuite 1st Floor  üìçKG JERUDONG High Ground Location  - 5 Bedrooms - 5 Bathrooms  Total Building Area approx 2963 Sq Ft With Land area approx 0.132 Acres (KEKAL)  ùòéùò≥ùò∞ùò∂ùòØùò• ùòßùò≠ùò∞ùò∞ùò≥	 - Car Porch for 2 - Living Area & Dining - Kitchen - Guest Room - Toilet & Barhroom - Store  ùòçùò™ùò≥ùò¥ùòµ ùòßùò≠ùò∞ùò∞ùò≥ - MasterBedroom ensuite - Family hall - Bedroom 1 Ensuite - Bedroom 2 Ensuite - Bathroom 3 Ensuite  ================= Selling Price $370,000 $19XX Monthly ================= Offer:- üåüInclusive of watertank set with waterpumpüåü üåüWaterHeater 4 setsüåü  For viewing arrangements & more Informations Details ,  Contact +673 7318881",NA,Bruhome,HJ,1
6,2020 Q4,2020-10-26T00:00:00Z,Kg. Madewa,128000,Semi-Detached,NA,New,0.0552,1133,3,2,Leasehold,NA,"üè°Semi Detached Bungalow ‚ú¥Kg. Medewa ‚ú¥6 units available  ‚ú¥Land 0.0552acre - 0.0582acre ‚ú¥75 years lease  renewable  ‚ú¥3 BR 2TB 1 Car Porch ‚ú¥1133sf ‚ú¥$128,000/per unit üéÅFree sale purchase agreement ‚òéÔ∏è8711651‚óá7371651‚óá8834798",NA,Bruhome,HJ,1
7,2022 Q1,2022-01-14T00:00:00Z,Kg. Tanjong Bunut,328000,Detached,2,Under Construction,0.128,2600,4,4,Freehold,NA,"LAST UNIT available   Well-located double storey detached house with 0.128 acre and tanah kekal. Ideal location to live , close to Huaho Tg.Bunut , Mosque , Bank and Etc.   Status : under construction  Location : Sg.Tampoi Spg.254-32   4 Bedroom 4 Bathroom  Built-up area 2600 Sq.ft  Kekal / In-Perpetuity   Price : $328K FULL LOAN",NA,Bruhome,HJ,1
8,2020 Q3,2020-07-28T00:00:00Z,Kg. Pangkalan Gadong,400000,Detached,NA,Resale,0.16,3500,4,3,Freehold,NA,"(  USED DETACHED HOUSE FOR SALE @ GADONG  Please visit our Facebook page, G.A. Real Estate & Development, or Instagram, g.a.realestate, for updated listing of properties for sale or rent.  1 unit used detached house for sale in Gadong.   4 bedrooms 3 toilets/bathrooms Approximately 3,500 sq ft 0.16 ac Kekal Selling price of $400k  *** ONLY ACCEPT CASH OR BANK LOAN ***  (PRICES ARE SUBJECT TO CHANGE WITHOUT PRIOR NOTICE.)  Interested  serious buyers, pls call or whatsapp ,  Alice : 7118577 or Chris : 8855252 for more information or to schedule a meet-up for property viewing.  No PM/INBOX and NO BROKER, pls.",NA,Bruhome,HJ,1
9,2020 Q3,2020-08-25T00:00:00Z,Kg. Junjongan,239000,Detached,2,Proposed,0.143,2030,4,3,Freehold,NA,"PROPOSED TWO STOREY DETACHED HOUSE at KG JUNJUNGAN   Approx. Land : 0.143Acre - PRICE $239,000 Approx. Area : 2,030 Sqft In Perpetuity - KEKAL Land. Construction period 12 months 4 Bedroom 3 Bathroom Living Area Dining Area Dry KitchenI Laundry Area Store under stairs Carpark for 2 car  Whatsapp: 7174743 - No Govt Loan.",NA,Bruhome,HJ,1
10,2022 Q1,2022-02-03T00:00:00Z,Kg. Limau Manis,159000,Semi-Detached,2,Resale,0.0615,1600,4,3,Freehold,NA,"$159K - TWO STOREY SEMI DETACHED HOUSE ON LOT 65040 AT KG. LIMAU MANIS   Site at Spg 91 / Spg 97  BIBD Bank Home Loan Repayment for 25 years Approximately $855 per month with BND$1,000 deposit.  Available Plot B - $159,000 - LAST UNIT AVAILABLE  (Indicative Valuation Estimated $190,000)  Approx. 1,600sqft Approx. 0.0615ac  In Perpetuity (Kekal)  4 Bedroom 3 Bathroom  1 Living Area 1 Dining Area 1 Kitchen 1 Balcony 1 Laundry Area Walk in Closet Area in Master Bedroom Covered Car Porch for 2 cars  Whatsapp 7174743 - BANK LOAN ONLY  BOVEA REAL ESTATE AGENT REGISTRATION NUMBER: 00121EA",NA,Bruhome,HJ,1
11,2023 Q3,2023-08-09T00:00:00Z,Kg. Kapok,240000,Semi-Detached,NA,Under Construction,0.0944,2000,4,3,Freehold,NA,"BOVEA CERTIFIED REAL ESTATE AGENT Practising Certificate No. 2023-2024 BoVEA/EA004 	 FOR SALE Semi-Detached Houses in Kapok 2 units available, under construction Market Price: $290K, now on offer for $240K Built-up area: estimated 2000 sq. ft. Land size: 0.0944 acres, Kekal (In Perpetuity) Item code: 2SRMG/Y/1A, 2SRMG/Y/1B   Basic property features: - 4 bedrooms, 3 toilets  Interested? Please do not hesitate to contact us for further details, or visit our website at the link in our bio for more!  +673 714 2764 +673 719 1926  *Images are for illustration purposes only*",NA,Bruhome,HJ,1
12,2023 Q1,2023-03-01T00:00:00Z,Kg. Bengkurong,400000,Detached,NA,New,0.2,4000,6,7,Freehold,NA,Modern Luxury  Featuring An Open Floor Plan With A Beautiful Double Volume Ceiling Living Room  A Total Built Up Of Approximately 4000 Sq Ft With Quality Materials And High End Fittings To Give It A Luxurious Touch   üìçBengkurong  ‚û°Ô∏è 4 Cars Garage  ‚û°Ô∏è 6 Bedroom 7 Bathroom ‚û°Ô∏è 0.2+ Acre  ‚û°Ô∏è +/- 4000 Sq Ft ‚û°Ô∏èKekal/ In-Perpetuity  Price : $4xxK Only  Don‚Äôt miss this opportunity !   Please WhatSapp +673 8622690 & +673 7332666 for more information or DMüëçüèª  All 3D Images and Renderings Are For Illustration Purposes Only,NA,Bruhome,HJ,1
13,2021 Q1,2021-03-18T00:00:00Z,Kg. Jerudong,355000,Detached,NA,Proposed,NA,2877,5,5,Freehold,NA,"PROPOSED MODERN DETACHED HOUSE FOR SALE (SH-J31)  Located at Jln Jerudong. Easy access to main road.  5 bedrooms with 5 bathrooms  KEKAL. with approx. 2,877sqft.  Selling for $355k üî•  Please call/whatsapp http://wa.me/6738720883 for more details.",NA,Bruhome,HJ,1
14,2022 Q2,2022-05-26T00:00:00Z,Kg. Kiarong,350000,Apartment,1,,0.01,1800,5,4,Strata,NA,"SH-KB182 - APARTMENT FOR SALE  ‚ñ™Ô∏è5 bedrooms & 4 bathrooms   ‚ñ™Ô∏è1,800 sqft  üí≤350,000.00   WhatsApp 7178886 for more information  Or click below     HOMECITY PROPERTY & MANAGEMENT SDN BHD (ISO9001:2015 & BOVEA CERTIFIED REAL ESTATE AGENT: Certificate Registration No: 000321EA)                             @homecity_propertymanagement",NA,Bruhome,HJ,0
15,2020 Q3,2020-07-15T00:00:00Z,Kg. Tanjong Bunut,250000,Detached,2,Resale,1,1500,3,2,Leasehold,NA,"Cukup cantek Plot A di Sg Tampoi ani ‚ù§Ô∏è . . Dan Basrah Real Estate Changing LIVES, one HOME at a time üè°üå≥ . . Call me at üì≤ 8829769 üòâ . .",NA,Bruhome,HJ,0
16,2021 Q2,2021-05-26T00:00:00Z,Kg. Lumut,450000,Detached,NA,Resale,0.5,1500,3,2,Freehold,NA,"üìç House For Sale Lumut üìç  Detached House  $450,000 Nego    Ground Floor  ‚Ä¢ 2 Living Room  ‚Ä¢ 2 Kitchen Wet/Day  ‚Ä¢ 1 Dining Room  ‚Ä¢ 1 Pantry Room ‚Ä¢ 1 Guest Room     First Floor  ‚Ä¢ 3 Bedroom ( Build In Toilet ) ‚Ä¢ 1 Master Bedroom  ‚Ä¢ 1 Attice     Outside  ‚Ä¢ Big Garage 6 car fit ‚Ä¢ Big Gardens  ‚Ä¢ CCTV ‚Ä¢ Right By Main Road  More Info or Viewing 7166821 - Haji Hariz",NA,Bruhome,HJ,0
17,2023 Q4,2023-11-03T00:00:00Z,Kg. Kilanas,415000,Detached,2,Proposed,0.109,2592,4,5,Freehold,NA,"üî•MODERN CONCEPT üè° PROPOSED DETACHED HOUSE WITH/WITHOUT POOL FOR SALE (SH-TB43)üî•  üìç Ban 4, Kg Kilanas üí∞ Selling Price: from $415,000.00  üõè from 4+1 bedrooms üõÅ from 5 bathrooms üöó 2 designated parking space ‚≠ê Floor size 2,540 - 2,992 sqft ‚≠ê Kekal | In Perpetuity ‚≠ê Land Size 0.109ac - 0.148ac ‚≠ê Modern design ‚≠ê Option of with or without swimming pool ‚≠ê Road frontage, easy access  üöó Convenience ‚ñ™ 1 mins to nearest shops & restaurants ‚ñ™ 4 mins to nearest school ‚ñ™ 5 mins to supermarket ‚ñ™ 10 mins to health centre & mosques  We assist in: ‚úÖ Bank Loan Application ‚úÖ Legal Documentation Arrangement  CONTACT US via WhatsApp for more information      HOMECITY PROPERTY & MANAGEMENT SDN BHD (ISO9001:2015 & BOVEA CERTIFIED REAL ESTATE AGENT: Certificate Registration No: 000321EA)                            @homecity_propertymanagement",NA,Bruhome,HJ,1
18,2020 Q3,2020-07-22T00:00:00Z,Kg. Jangsak,292000,Semi-Detached,2,,0.081,2382,4,3,Freehold,NA,"üèòüí≤bank loan or Government loan üåü Free water tank if purchased by *8August2020* SD4 & SD7 only üåüFree cash voucher $800 for lighting or others ‚òéÔ∏è871-1651 /737-1651  Semi Detached Double Storey House Kg Jangsak  $299,000  ‚ñ°0.083ac  $292,000  ‚ñ°0.081ac $285,000  ‚ñ°0.080ac ‚ú¥ 2382sf ‚ú¥4 Bedrooms ‚òÜMaster w/builtin wardrobe ‚ú¥3 Toilets & Bathrooms ‚òÜw/big countertop & covered storage ‚òÜ Partition shower area ‚ú¥1 Living ‚ú¥1 Dining ‚ú¥1 Kitchen with cabinet ‚ú¥1 Store ‚ú¥1 First Floor Family Hall ‚ú¥Laundry w/sink & counter ‚ú¥Tiled Car Park for 2 Cars + can accommodate more 2 cars back to back ‚ú¥ Decorated concrete fencing in the front and partition ‚òÜ Rear 6'GI fencing ‚ú¥ Decorative Stainless Steel Gate ‚ú¥Garden ‚òÜCarpet grass ‚ú¥Fibre optic installed by Telbru‚ñ™Ô∏é",NA,Bruhome,HJ,1
19,2020 Q4,2020-10-14T00:00:00Z,Kg. Sengkurong A,250000,Detached,2,Proposed,0.12,2200,3,4,Freehold,NA,"üè°Proposed Single Detached Double Storey  üí∏Selling Price : $250k  üåüStart by the end of December 2020  üìçSengkurong ‚ÄòA‚Äô üìå0.12 Acre  üìêEst. 2,200 Sq Ft üõè3 Bedroom  üõÅ4 Bathroom  üîë Highlights  This development is 7-8 mins drive to Al-Ameerah Al-Hajjah Maryam Mosque & 9-10 mins drive to Jerudong Park Playground via Jalan Jerudong  Sayyidina Hussein Secondary School, Bakto Dewa School as well Sengkurong Primary School are all within close proximity. Tons of amenities nearby such as Leong Wui, BIBD Bank, SKH and also eateries such as Wywy, Aminah Arif etc.  üì±Do whatsapp 8643554 for any enquiries.",NA,Bruhome,HJ,1
20,2020 Q4,2020-10-05T00:00:00Z,Pekan Kuala Belait,380000,Semi-Detached,2,Resale,0.096,2000,4,3,Leasehold,NA,"Semi Detached for sale at Kuala Belait(SH-KB151):- Nature of title: Lease 55 years (W.E.F 06/10/1998) Remaining 33 years left Land size: 0.096ac Ground floor 1 spacious living area 1 open concept dining area 1 modern concept kitchen with  built in cabinets  1 store and 1 sheltered laundry area  1 guest bedroom sharing toilet 1st floor 1 master bedroom ensuite toilet 3 bedrooms ensuite toilet  SELLING PRICE: $380,000.00  Kindly contact Homecity property office at http://wa.me/6738720883 , http://wa.me/6737178886 , http://wa.me/6737188883 for more details.",NA,Bruhome,HJ,1
21,2022 Q2,2022-04-05T00:00:00Z,Kg. Keriam,228000,Detached,NA,Proposed,0.14,2008,4,4,Freehold,NA,"‚ú® JLN TUTONG ‚ú®  Proposed Detached , KG KERIAM (near main road)  Total Building Area approx 2008 Sq Ft Land area approx 0.12 - 0.14 (KEKAL)  üìç JLN Tutong ,Bangsingong , Keriam (Approx 1km to Jln Bukit panggal leading to Highway)  ‚Ä¢ 4 Bedrooms ‚Ä¢ 4 Bathrooms  ùòéùò≥ùò∞ùò∂ùòØùò• ùòßùò≠ùò∞ùò∞ùò≥	 ‚Ä¢Car Porch  ‚Ä¢Living & Dining Area ‚Ä¢Bathroom  ‚Ä¢Guest room ‚Ä¢Kitchen  ùòçùò™ùò≥ùò¥ùòµ ùòßùò≠ùò∞ùò∞ùò≥ ‚Ä¢Master Bedroom ensuite ‚Ä¢Family Area ‚Ä¢Bedroom 1 ensuite ‚Ä¢Bedroom 2 ensuite   ==================== Selling from $219k - $228k ==================== ‚ú® Free Gift Inclusive : WaterHeater Masterbed‚ú®  Contact 7318881 for more Informations",NA,Bruhome,HJ,1
22,2020 Q1,2020-03-27T00:00:00Z,Kg. Jerudong,169000,Semi-Detached,2,Resale,0.069,1600,3,3,Leasehold,NA,üì£$169küì£  For Sale:  Double Storey Semi-Detached House  Location: Jerudong  Price: $169k üòÅüòÅüòÅ 3 Bedroom 3 Bathroon  1600 Sq Ft  0.069 Acre  Leasehold (Renewable)  Please contact 7332666 for more information or DM or email us at Bandar_Estates@hotmail.com  BEST DEAL GUARANTEED!  WHO ARE WE?  Bandar Estates  Your Local Real Estate Agency and Development  Services included: -Buy/Sell/Rent -Developing -Design & Build -Consultation -Investment  Residential & Commercial - Locally & Internationally üì£  WE ARE LOOKING FOR LAND TO DEVELOPüì£  FOLLOW US:  IG: BANDAR ESTATES  FB: BANDAR ESTATES,NA,Bruhome,HJ,1
23,2023 Q2,2023-06-23T00:00:00Z,Kg. Lumut,308000,Detached,2,Resale,0.131,2515,4,3,Freehold,NA,<Promoüî•>  Double Storey Detached Home Now For Sale:  Lumut - Spg 103  Approx 0.131 Acres Approx 2515 Sq Ft 4 Bedrooms 3 Bathrooms  $308k - $1669 Monthly!  Contact/SMS/Whatsapp @homestageteam : Justin Hau - to enjoy the best buying experience and get top notch consultation on how you can get started on your dream home! üè° üì≤ +6738881555,NA,Bruhome,HJ,1
24,2023 Q1,2023-03-04T00:00:00Z,Kg. Bengkurong,298000,Detached,NA,,0.117,2980,4,4,Freehold,NA,"üí•BENGKURONGüí•  Modern Detached House  Price - $298k (BEST PRICE GUARANTEED)  üìçLocation : Simpang 66-38, Kampong Bengkurong  - 4 bedrooms - 4 bathrooms - Approx 2980 sq ft - 0.117 Acres - Covered car porch for 2 cars - Stainless steel gate  Just 4 minutes to Bengkurong Traffic Light. Amenities includes WYWY, Soon Lee, Bengkuong Mosque, Jolibee, Bebatik Hua Ho and etc.  Kindly contact +673 8662649 for more inquiries while it still last!! Thank you.",NA,Bruhome,HJ,1
25,2020 Q4,2020-10-26T00:00:00Z,Kg. Kilanas,255000,Semi-Detached,2,Proposed,NA,2300,NA,NA,Leasehold,NA,"Proposed 2 storey semi detached for sale at Kilanas area (SH-JT37) Nature of title: Perpetuity (kekal) Land size: 2,300 sqft  Ground floor: 1 living area with 1 open concept dining area 1 kitchen 1 bedroom sharing 1 toilet  1st floor: 1 master bedroom ensuite toilet 2 bedrooms sharing 1 toilet 1 family area  PROMOTION PRICE: $255,000.00 PER UNIT FOR THE FIRST 10 UNIT!!  Kindly contact Homecity property office at http://wa.me/6738720883 , http://wa.me/6737178886 , http://wa.me/6737188883 for more details",NA,Bruhome,HJ,1
26,2023 Q3,2023-07-27T00:00:00Z,Kg. Mulaut,288000,Detached,2,Proposed,0.109,2518,NA,NA,Freehold,NA,"(PROPERTY CODE : DH-327) KG MULAUT  2 units, double-storey detached house for sale in Kg Mulaut.  ** FEATURES OF HOUSE **  Ground floor : Living area - dining area - store room - kitchen - laundry area - guest room - 1 common toilet - car porch  First floor : Master bedroom ensuite - 2 bedrooms - 1 common toilet - family area - balcony  - 2,518sq ft - 0.109ac - Kekal - Proposed stage - Selling price of $288k  *** ONLY ACCEPT CASH OR BANK LOAN *** *** KINDLY CHECK WITH BANK FOR LOAN ENTITLEMENT ***  (PRICES ARE SUBJECT TO CHANGE WITHOUT PRIOR NOTICE.)  Interested serious buyers, pls call or whatsapp only , Alice : 711 8577 for faster response.  Follow us on :- Facebook : G.A. Real Estate Agency Instagram : g.a.realestate  (BoVEA Certified Real Estate Agent with Practising Certificate No. 2023-2024 BoVEA/EA003)  ** All 3D images and Renderings are for illustration purposes only **",NA,Bruhome,HJ,1
27,2023 Q4,2023-10-23T00:00:00Z,Kg. Panchor Dulit,336000,Detached,2,Under Construction,0.113,4000,4,4,Freehold,NA,"BOVEA CERTIFIED REAL ESTATE AGENT Practising Certificate No. 2023-2024 BoVEA/EA004  FOR SALE RIDGE WOOD VILLA Double Storey Detach Location: Kg Panchor Dulit, Pekan Tutong Price: $336k - $370k Plot available: 11, 15, 16, 18 & 24 - 27 Under-construction  Property features: - 4 bedrooms - 4 toilets - 1 kitchen - 1 car porch - Land size: 0.113 - 0.156 acre  Interested? Please do not hesitate to contact us for further details, or visit our website at the link in our profile for more!  +673 714 2764 +673 719 1926 +673 717 0916  *Images are for illustration purposes only*",NA,Bruhome,HJ,0
28,2023 Q4,2023-10-10T00:00:00Z,Kg. Tanjong Nangka,290000,Semi-Detached,2,Under Construction,0.07,2900,4,4,Freehold,NA,"‚ú®TG NANGKA SEMI DETACHED‚ú®  Under Construction Two Storey Semi Detached, KG TG Nangka  ‚Ä¢ 4 Bedrooms ‚Ä¢ 4 Bathrooms  Total Building Area 2900+ Sq Ft Land area 0.07+ Acres (KEKAL)  Location proximityüìç  > 3 Mins to Sengkurong Areas  ùòéùò≥ùò∞ùò∂ùòØùò• ùòßùò≠ùò∞ùò∞ùò≥	 ‚Ä¢Car Porch ‚Ä¢Living Area & Hall ‚Ä¢Kitchen & Dining  ‚Ä¢Guest room / Tv Area ‚Ä¢T&B ‚Ä¢Laundry ‚Ä¢Store  ùòçùò™ùò≥ùò¥ùòµ ùòßùò≠ùò∞ùò∞ùò≥ ‚Ä¢MasterBedroom Ensuite & Balcony ‚Ä¢Hall & Balcony ‚Ä¢Bedroom 1 Ensuite ‚Ä¢Bedroom 2 Ensuite  =================== SELLING PRICE $290,000  Monthly B$15XX ===================  For VIiewing Arrangements & Details,  Contact +673 7318881",NA,Bruhome,HJ,1
29,2023 Q3,2023-07-02T00:00:00Z,Kg. Panchor Lumapas,100000,Terrace,NA,Proposed,0.0366,1200,3,2,Leasehold,NA,"$100K - ATTENTION FIRST HOME BUYERS - $500 BOOKING FEE!  PROPOSED BUNGALOW TERRACE HOUSE AT KG. PANCHOR, MUKIM LUMAPAS  Plot 18, 19, 20 & 21 - $100,000  Approx. 1,200sqft  Approx. 0.0366ac   50 Years Lease W.E.F 06/10/2012 (39 Years Remaining Lease) Renewable Lease * Terms & Condition from Brunei Government Apply  3 Bedroom 2 Bathroom Kitchen  Living Area Dining Area Laundry Area Carporch for 2 cars  Whatsapp: 7174743 - No Govt Loan.   BOVEA REAL ESTATE AGENT REGISTRATION No: 00121EA  Penafian : Semua gambar, ilustrasi 3D, imej, pelan lantai, dimensi dan pengukuran adalah hanya anggaran. Semua gambar, ilustrasi 3D, imej, pelan lantai, dimensi dan ukuran ditunjukkan untuk tujuan ilustrasi sahaja dan mengandungi item yang tidak termasuk dalam spesifikasi projek ini.  Disclaimer : All photographs, 3D illustrations, images, floor plans, dimensions and measurements are an approximate only. All photographs, 3D illustrations, images, floor plans, dimensions and measurements are shown for illustrative purposes only and contain items that are not included in this project specifications.",NA,Bruhome,HJ,1
30,2023 Q3,2023-08-18T00:00:00Z,Kg. Tanah Jambu,250000,Detached,2,New,0.5,2000,3,2,Freehold,NA,‚Å£‚Å£‚Å£‚Å£‚Å† üìû WhatsApp: +673 818 8808‚Å£‚Å£‚Å† ‚Å£‚Å£‚Å† ‚Å£‚Å£‚Å† ‚Å£‚Å£‚Å† ‚Å£‚Å£‚Å†              ‚Å£,NA,Bruhome,HJ,0
31,2023 Q4,2023-12-19T00:00:00Z,Kg. Kilanas,388000,Detached,2,Under Construction,0.163,2794,4,4,Freehold,NA,"üè°Kampung Dadap  üí•Under Construction D2-DS Detached  ‚úÖÔ∏è 0.163 acre Kekal ‚úÖÔ∏è 4BR 4TB ‚úÖÔ∏è Dry & Wet Kitchen ‚úÖÔ∏è Built in Floor Area 2794sf ‚úÖÔ∏è Total Build up Floor Area  4000sf ‚úÖÔ∏è Car Porchüöòüöò   üí≤388,000 üí≤Cash or Bank Loan only   ‚òéÔ∏è 871-1651  ‚òéÔ∏è 737-1651",NA,Bruhome,HJ,0
32,2021 Q4,2021-12-20T00:00:00Z,Kg. Bunut,250000,Terrace,2,Resale,NA,1986,3,1,Leasehold,NA,SH-TB34 - Double storey terrace for sale in Kg Bunut  Ground floor 1 foyer 1 living area 1 family area 1 kitchen + dining area 1 maid room sharing guest toilet 1 laundry  First floor 2 bedrooms sharing 1 toilet 1 master bedroom with walk in closet and ensuite toilet and attached balcony  ‚úÖ Located in Kg Bunut ‚úÖ Leasehold ‚úÖ Floor size: 1986 sqft  WhatsApp 7178886 for more information  Or click below     HOMECITY PROPERTY & MANAGEMENT SDN BHD (ISO9001:2015 & BOVEA CERTIFIED REAL ESTATE AGENT: Certificate Registration No: 000321EA)                             @homecity_propertymanagement,NA,Bruhome,HJ,0
33,2021 Q2,2021-06-04T00:00:00Z,Kg. Tanah Jambu,250000,Semi-Detached,2,New,0.061,2230,NA,NA,Leasehold,NA,"Proposed semi-D  Plot 1A  0.061 ac 2,230 sqft  Plot 1B 0.068 ac 2,230 sqft  Ground floor Kitchen  Dining room Living room Toilet 1 Bedroom 1 2 cars porch Entry porch  First floor Toilet 1 Bedrooms 2 Master bedroom + toilet Balcony  whatsapp us for best price  8325252",NA,Bruhome,HJ,0
34,2020 Q4,2020-11-22T00:00:00Z,Kg. Jerudong,250000,Terrace,2,Resale,0.0984,2432,3,2,Freehold,NA,"Terrace for sale 1 unit left! Kg Jerudong selayun  Kekal Build up area : 2,432.33 sqft Land area : 0,0984 acre  Contact us for best price. Price can be nego  Master room w/TB 2 Bedroom Family area Main Toilet  Living area Guest room w/TB Wet & dry kitchen   Key point area: Near Hiking hill üòç Near to highway Jerudong/rimba/katok Surrounded by residential house Less then 5 minutes to Jeruton hotel & pertama supermarket  10 minutes to shell station & BIBD ATM  Contact us for more details  8315252/8325252",NA,Bruhome,HJ,0
35,2022 Q4,2022-10-05T00:00:00Z,Kg. Tanjong Maya,260000,Detached,NA,Proposed,0.22,2834,5,5,Leasehold,NA,"Status: 2 units Proposed detached at Kg Tanjong Maya. 55 years Leased Land.  üìçKg Tanjong Maya  2,834 sq ft 0.22 acres  Price: $260K $1,408/month for 25 years $1,610/month for 20 years  Details: 5 Bedrooms 5 Toilets 1 Living room 1 Family area Car porch for 2  Book NOW üì≤ 8829769 Deposit: $2K   Dan Basrah Real Estate Changing Lives, one Home at a Time üå≤üè°",NA,Bruhome,HJ,1
36,2023 Q1,2023-02-04T00:00:00Z,Kg. Junjongan,250000,Detached,2,,0.5,2000,4,4,Freehold,NA,üö® For Sale! üö®  üè† 2 Storey Detached üõè 4 bedrooms üõÅ 4 bathrooms  üìçJunjungan  Connect with us today to get a closer look! üòç Agent: Amy | +673 8729988,NA,Bruhome,HJ,0
37,2023 Q1,2023-02-16T00:00:00Z,Kg. Tanjong Nangka,148000,Detached,1,Proposed,0.114,1419.22,3,2,Leasehold,NA,"(  BUNGALOW FOR SALE @ TG NANGKA  Please visit our Facebook page, G.A. Real Estate Agency or Instagram, g.a.realestate, for updated listing of properties for sale or rent.  Bungalow for sale in Tg Nangka.  3 bedrooms 2 toilets/bathrooms Floor area of 1,375.09 to 1,419.22sq ft Land size of 0.111 to 0.114ac Leased land (Rakyat jati) Status : Proposed Selling price of $138k and $148k (Early bird price)  *** ONLY ACCEPT CASH OR BANK LOAN *** *** KINDLY CHECK WITH BANK FOR LOAN ENTITLEMENT ***  (PRICES ARE SUBJECT TO CHANGE WITHOUT PRIOR NOTICE.)  Interested  serious buyers, pls call or whatsapp only ,  Alice : 7118577 for faster response.  (BoVEA CERTIFIED REAL ESTATE AGENT: Certificate Registration No: 00221EA) (BoVEA Practising Certificate No. : 2023-2024 BoVEA/EA003)",NA,Bruhome,HJ,1
38,2021 Q1,2021-01-31T00:00:00Z,Kg. Luagan Dudok,225000,Semi-Detached,NA,Proposed,0.1175,2800,4,5,Freehold,NA,"(  SEMI-DETAHCED HOUSE FOR SALE @ KG LUAGAN DUDOK  Please visit our Facebook page, G.A. Real Estate & Development, or Instagram, g.a.realestate, for updated listing of properties for sale or rent.  2 units semi-detached house for sale in Kg Luagan Dudok.  4 bedrooms 5 toilets/bathrooms 2800sq ft Land size of 0.117ac & 0.130ac Proposed stage Kekal Selling price of $225k  *** ONLY ACCEPT CASH OR BANK LOAN ***  (PRICES ARE SUBJECT TO CHANGE WITHOUT PRIOR NOTICE.)  Interested  serious buyers, pls call or whatsapp ,  Alice : 7118577  for more information or to schedule a meet-up for property viewing.  No PM/INBOX and NO BROKER, pls.",NA,Bruhome,HJ,1
39,2020 Q1,2020-01-29T00:00:00Z,Kg. Tanah Jambu,250000,Detached,2,New,0.5,2000,3,2,Freehold,NA,"Detached House for Sale in Mentiriüèò  4 UNITS AVAILABLE - Land size: 0.12 or 0.13 acre - Built up area 2,300 sq ft - Kekal, In Perpetuity - ABCI & TCP approved‚úÖ - Setting out stage‚úÖ - 4 bedrooms & 4 toilets  Selling Price: $259,000  Inclusive Ground Floor  1 Dining area  1 Living area  1 Kitchen  1 Guest room  1 Laundry area 1 Toilet & bathroom -Car porch for 2 cars  Inclusive First Floor  1 Balcony  3 Bedrooms  3 Toilets & Bathrooms  Contact us for more enquiry at +6738180013",NA,Bruhome,HJ,0
40,2023 Q1,2023-02-28T00:00:00Z,Kg. Jangsak,228000,Semi-Detached,NA,Resale,0.048,2427,4,3,Freehold,NA,"Kg Jangsak ‚úÖÔ∏èSemi Detached Link ‚úÖÔ∏è0.048 Acre Kekal ‚úÖÔ∏è4BR 3TB ‚úÖÔ∏è2427sf ‚úÖÔ∏èMaster BR W/Wardrobe ‚úÖÔ∏èKitchen W/Cabinet ‚úÖÔ∏èBathroom W/Counter Top ‚úÖÔ∏èTiled Carporch üöòüöò ‚úÖÔ∏è Stainless Steel Folding Gate ‚úÖÔ∏èLightings/Fans/Exhaust Fans/Gate Lights Included üí≤$228,000 üí∞Cash /Bank Loan Only  ‚òéÔ∏è737-1651 / 871-1651",NA,Bruhome,HJ,1
41,2023 Q1,2023-02-06T00:00:00Z,Kg. Lambak Kiri,248000,Detached,2,Proposed,0.1,2488.6,5,2,Leasehold,NA,"( DETACHED HOUSE FOR SALE @ LAMBAK KIRI  Please visit our Facebook page, G.A. Real Estate Agency or Instagram, g.a.realestate, for updated listing of properties for sale or rent.  2 units double-storey detached house for sale in Lambak Kiri. (Jalan Pasir Berakas).  Ground floor: Guest room  1 toilet/bathroom Kitchen Dining area Living area Veranda Car porch for 2 cars  First Floor : Master bedroom ensuite  2 bedrooms 1 common toilet/bathroom  Floor area of 2,079.58 sq ft (Plot A) & 2,488.60sq ft (Plot B) Land size of 0.099ac (Plot A) & 0.100 (Plot B)  Lease, left approximately 36 years Status : Proposed Selling price of $248k  *** ONLY ACCEPT CASH OR BANK LOAN ***  (PRICES ARE SUBJECT TO CHANGE WITHOUT PRIOR NOTICE.)  Interested  serious buyers, pls call or whatsapp ,  Alice : 7118577 for more information or to schedule a meet-up for property viewing.   (BoVEA CERTIFIED REAL ESTATE AGENT: Certificate Registration No: 00221EA)  (BoVEA Practising Certificate No. : 2022 BoVEA/EA009)",NA,Bruhome,HJ,1
42,2022 Q4,2022-11-09T00:00:00Z,Kg. Tungku,298000,Detached,2,Proposed,0.07,2100,4,3,Freehold,NA,"Last Unit! Proposed Tungku Detached! üëãüòä  2,100sq ft & 0.07 acres 4 Bedrooms 3 Bathrooms  Price: $298K $1,615/month for 25 years $1,846/month for 20 years  Inquire now üì≤ 8829769  Dan Basrah Real Estate Changing Lives, one Home at a time üè°",NA,Bruhome,HJ,1
43,2021 Q2,2021-06-04T00:00:00Z,Kg. Bebatik,250000,Detached,1,,0.25,2000,3,2,Freehold,NA,Floor plan  Single Storey Detached House   Kg Bebatik (Bungalow)  Contact us for more details  8325252,NA,Bruhome,HJ,0
44,2023 Q2,2023-06-17T00:00:00Z,Pekan Kuala Belait,250000,Apartment,NA,,NA,1200,3,2,Strata,NA,"üî•üè° RENOVATED & FURNISHED APARTMENT FOR SALE (SH-KB198)üî•  üìç Jalan Pandan 5, Kuala Belait üí∞ Selling Price: $250,000.00  üõè 3 bedroom üõÅ 2 bathroom üöó 1 designated parking space ‚≠ê Floor size approx. 1,200 sqft ‚≠ê Leasehold  ‚≠ê Inclusive fixtures & fittings, fully furnished  ‚≠ê With monthly rental income  ‚≠ê Facilities: Gym, playground, swimming pool, 24 hour security patrol   üöó Convenience  ‚ñ™<1 min to nearest shops & restaurants ‚ñ™4 mins to KB Hospital ‚ñ™5 mins to KB town, KB Sentral & highway  ‚ñ™15 mins to ISB Seria  We assist in: ‚úÖ Bank Loan Application ‚úÖ TAP Withdrawal ‚úÖ Legal Documentation Arrangement  CONTACT US via WhatsApp for more information      HOMECITY PROPERTY & MANAGEMENT SDN BHD (ISO9001:2015 & BOVEA CERTIFIED REAL ESTATE AGENT: Certificate Registration No: 000321EA)                            @homecity_propertymanagement",NA,Bruhome,HJ,1
45,2022 Q1,2022-02-06T00:00:00Z,Kg. Kilanas,400000,Semi-Detached,NA,,0.08,2800,5,3,Freehold,NA,"2 Units Back To Back Semi Detached House (READY TO MOVE IN)   Brand New Refurbished Semi Detached House   Inclusive of Brand New   ‚úÖ Kitchen with Cabinets ‚úÖ Garage ‚úÖ Airconditioning ‚úÖ Toilet With Cabinets ‚úÖ Loose Furnitures ‚úÖ Flooring ‚úÖ Switches ‚úÖ Lighting ‚úÖ Many More..   ‚û°Ô∏è5 Bedroom 3 Bathroom ‚û°Ô∏è+/- 0.08 Acre ‚û°Ô∏èKekal/ In- Perpetuity ‚û°Ô∏è+/- 2800 Sq Ft   üìç (Behind Huaho Tanjong Bunut) Kilanas, Sg Tampoi  ‚Ä®Contact +673 8622690 / +673 7332666‚Ä®",NA,Bruhome,HJ,0
46,2021 Q4,2021-11-18T00:00:00Z,Kg. Serambangun,175000,Detached,NA,Under Construction,0.098,1582,3,2,Leasehold,NA,"üí•Calling for the last 3 units Detached bungalow! üí•Book yours now üí•Rakyat Jati Only  Kg Serambangun, Tutong  üèòOn construction  ‚úÖ0.098 acre/ lease 55 years (31 years left) ‚úÖ3üõå2üõÄ ‚úÖCarporchüöòüöò ‚úÖüìê1,582sf üí≤$175,000 üí∞Cash or Bank Loan Only Whatsapp or Call ‚òéÔ∏è8711651 ‚òéÔ∏è8834798",NA,Bruhome,HJ,1
47,2023 Q4,2023-11-22T00:00:00Z,Kg. Bengkurong,230000,Detached,2,Proposed,0.065,2000,3,2,Freehold,NA,"(PROPERTY CODE : DH-314)  BENGKURONG  ‚ú®Left 1 unit, modern design detached house for sale in Bengkurong.  Features of house :  Ground floor : - Living area - Dining area - 1 bedroom - 1 common toilet - Kitchen - Utility room - Car porch  First floor : - Master bedroom ensuite - 2 bedrooms - 1 common toilet - Hallway  ‚û°Ô∏è +- 2,000 sq ft ‚û°Ô∏è 0.065ac ‚û°Ô∏è Kekal ‚û°Ô∏è Proposed ‚û°Ô∏è Selling at $230k  *** ONLY ACCEPT CASH OR BANK LOAN *** *** KINDLY CHECK WITH BANK FOR LOAN ENTITLEMENT ***  (PRICES ARE SUBJECT TO CHANGE WITHOUT PRIOR NOTICE.)  Interested  serious buyers, pls call or whatsapp only ,  Alice : 711 8577 for faster response.  Follow us on :- Facebook : G.A. Real Estate Agency Instagram : g.a.realestate  (BoVEA Certified Real Estate Agent with Practising Certificate No. 2023-2024 BoVEA/EA003)  ** All 3D images and Renderings are for illustration purposes only **",NA,Bruhome,HJ,1
48,2021 Q3,2021-09-22T00:00:00Z,Kg. Mentiri,300000,Detached,2,Proposed,0.093,2800,4,4,Freehold,NA,"üèò Proposed 2 Storey Detached House for Sale‚Å£ üìå Kg Mentiri üí∞ from $300K üì≤ 8188808‚Å£‚Å£‚Å£‚†Ä‚†Ä‚†Ä‚†Ä‚†Ä‚†Ä‚†Ä‚†Ä‚†Ä‚Å† ‚Å£‚Å£‚Å£‚†Ä‚†Ä‚†Ä‚†Ä‚†Ä‚†Ä‚†Ä‚†Ä‚†Ä‚Å† ‚Å£‚Å£‚Å£‚†Ä‚†Ä‚†Ä‚†Ä‚†Ä‚†Ä‚†Ä‚†Ä‚†Ä‚Å† üìå Location: Kg Mentiri (near main road)‚Å† üìå Land Size: from 0.093 to 0.123 acres‚Å† üìå Land Title: Kekal‚Å† üìå Built Up: 2,800 sq ft‚Å£‚Å£‚Å£‚Å£‚Å£‚†Ä‚†Ä‚†Ä‚†Ä‚†Ä‚†Ä‚†Ä‚†Ä‚†Ä‚Å† üìå Rooms: 4 room 4 toilet‚Å† üìå Price: from $300K to $308K‚Å† ‚Å£‚Å£‚Å£‚Å£‚Å£‚†Ä‚†Ä‚†Ä‚†Ä‚†Ä‚†Ä‚†Ä‚†Ä‚†Ä‚Å† üìû WhatsApp: +673 818 8808‚Å£‚Å£‚Å£‚†Ä‚†Ä‚†Ä‚†Ä‚†Ä‚†Ä‚†Ä‚†Ä‚†Ä‚Å† ‚Å£‚Å£‚Å£‚†Ä‚†Ä‚†Ä‚†Ä‚†Ä‚†Ä‚†Ä‚†Ä‚†Ä‚Å† ‚Å£‚Å£‚Å£‚†Ä‚†Ä‚†Ä‚†Ä‚†Ä‚†Ä‚†Ä‚†Ä‚†Ä‚Å†              ‚Å£",NA,Bruhome,HJ,0
49,2023 Q3,2023-07-29T00:00:00Z,Kg. Sinarubai,230000,Detached,2,,0.06,1395,4,3,Freehold,NA,"BOVEA CERTIFIED REAL ESTATE AGENT Practising Certificate No. 2023-2024 BoVEA/EA004  FOR SALE Price: $230K (Plot B) - $250K (Plot A) Sinarubai Detached Houses Built-up area: 1395 sq. ft. & 1820.8 sq. ft. Land size: 0.06 acres & 0.08 acres, both Kekal (In Perpetuity) Item code: 2KNSI/Y/1B , 2KNSI/Y/1A  Basic property features: 4-bed, 3-bath (Plot B) & 6-bed, 3-bath (Plot A)  Interested? Please do not hesitate to contact us for further details and/or viewing, or visit our website at the link in our profile for more!  +673 714 2764 +673 717 0916 +673 719 1926  *Images are for illustration purposes only*",NA,Bruhome,HJ,1
50,2023 Q4,2023-12-01T00:00:00Z,Kg. Jaya Setia,198000,Apartment,1,,0.01,1658,3,2,Strata,NA,"üî•üè° SPACIOUS APARTMENT FOR SALE (SH-B9)üî•  üìç Kg Jaya Setia, Berakas üí∞ Selling Price: $198,000.00  üõè 3 bedrooms üõÅ 2 bathrooms üöó 1 parking space ‚≠ê Land Title: Strata 99 years ‚≠ê Floor size: 1,658 sqft ‚≠ê Good for investment or personal stay  üöó Convenience ‚ñ™<1 min to nearest school, shops & restaurants ‚ñ™1 min to main road ‚ñ™5 mins to highway ‚ñ™6 mins to airport  We assist in: ‚úÖ Bank Loan Application ‚úÖ Legal Documentation Arrangement  CONTACT US via WhatsApp for more information      HOMECITY PROPERTY & MANAGEMENT SDN BHD (ISO9001:2015 & BOVEA CERTIFIED REAL ESTATE AGENT: Certificate Registration No: 000321EA)                            @homecity_propertymanagement",NA,Bruhome,HJ,1
51,2023 Q2,2023-05-03T00:00:00Z,Kg. Mentiri,228000,Semi-Detached,2,Resale,0.06,1500,NA,NA,Freehold,NA,"(SD-128)  SEMI-D FOR SALE @ MENTIRI  Left 1 unit, double-storey semi-detached house for sale in Mentiri.  Approximately 1, 500sq ft 0. 06ac Kekal Ready to move in Selling price of $228k  *** ONLY ACCEPT CASH OR BANK LOAN *** *** KINDLY CHECK WITH BANK FOR LOAN ENTITLEMENT ***  (PRICES ARE SUBJECT TO CHANGE WITHOUT PRIOR NOTICE. )  Interested serious buyers, pls call or whatsapp only , Alice : 711 8577 for faster response.  Follow us on :- Facebook : G. A. Real Estate Agency Instagram : g. a. realestate  (BoVEA Certified Real Estate Agent with Practising Certificate No. 2023-2024 BoVEA/EA003)",NA,Bruhome,HJ,1
52,2022 Q1,2022-03-17T00:00:00Z,Kg. Keriam,221000,Detached,2,New,0.12,2008,4,4,Freehold,NA,"TWO STOREY DETACHED HOUSE AT BANGSINGONG, KERIAM  Project site on LOT 13075 at Spg 665 Jalan Tutong, Kg Bangsingong, Keriam  Earthwork Completed With TCP Approved Building Plan   Approx. 1km to Jalan Bukit Panggal leading to Highway   Project on Lot 13075 at Spg 665 Jalan Tutong https://goo.gl/maps/YaABS4MBGi9ngqnp8  Plot 2 - $200,000 Approx. 1,853sqft Approx. 0.121acre Estimated Valuation $235,000  Plot 4 - $225,000 - CORNER Approx. 2,008sqft Approx. 0.136ac  Estimated Valuation $255,000  Plot 5 - $228,000 - CORNER Approx. 2,008sqft Approx. 0.14ac  Estimated Valuation $255,000  Plot 7 - $220,000 Approx. 2,008sqft Approx.0.122ac Estimated Valuation $255,000  Plot 8 - $230,000 - CORNER Approx. 2,008sqft Approx. 0.14ac  Estimated Valuation $255,000  Plot 9 - $222,000 - CORNER Approx. 2,008sqft Approx. 0.12ac  Estimated Valuation $255,000  Plot 10 - $221,000 Approx. 2,008sqft Approx. 0.12ac  Estimated Valuation $255,000  Plot 11 - $221,000 Approx. 2,008sqft Approx. 0.12ac  Estimated Valuation $255,000  In Perpetuity / Kekal 4 Bedroom 4 Bathroom Kitchen  Living Area Dining Area Family Area Laundry Area Car porch for 2 Cars  Whatsapp: 7174743 - No Govt Loan.   BOVEA REAL ESTATE AGENT REGISTRATION NUMBER: 00121EA",NA,Bruhome,HJ,1
53,2021 Q2,2021-04-27T00:00:00Z,Kg. Tanah Jambu,200000,Terrace,NA,New,0.0366,2600,3,3,Leasehold,NA,"Existing well maintained good size intermediate terrace house.  üè† 2600-/+ Sq ft üè° 0.0366acres üõå 3+1 bedrooms üõÄ 3 bathrooms üöò 2 cars üè∑ B$200,000.00 60 yrs lease ( 50+ years remaining)  ‚úÖFully furnished ‚úÖAircons & Lightings ‚úÖWater Tank & Pump  WhatsApp 8720883 for more information Or click below                              @homecity_propertymanagement",NA,Bruhome,HJ,0
54,2023 Q1,2023-03-13T00:00:00Z,Kg. Masin,340000,Detached,2,,0.15,3600,4,4,Freehold,NA,"üèò 2 Storey Detached House for Sale üìå Kg Masin (Road Frontage) üí∞ $340K üì≤ 8188808‚Å£‚Å† ‚Å£‚Å† ‚Å£‚Å† üìå Location: Kg Masin (Road Frontage) üìå Land Size: from 0.15 acres‚Å£‚Å£‚Å£‚Å£‚Å£‚†Ä‚†Ä‚†Ä‚†Ä‚†Ä‚†Ä‚†Ä‚†Ä‚†Ä‚Å† üìå Land Title: Kekal‚Å£‚Å£‚Å£‚Å† üìå Built Up: 3,600 sq ft‚Å£‚Å£‚Å£‚Å£‚Å£‚†Ä‚Å£‚†Ä‚†Ä‚†Ä‚†Ä‚†Ä‚†Ä‚†Ä‚†Ä‚†Ä‚Å† üìå Rooms: 4 room 4 toilet‚Å£‚†Ä‚†Ä‚†Ä‚†Ä‚†Ä‚†Ä‚†Ä‚†Ä‚†Ä‚Å† üìå Price: $340K üìå Information: 3D picture sample (for illustration purposes only) ‚Å† ‚Å£‚Å£‚Å£‚Å† üìû WhatsApp: +673 818 8808‚Å£‚Å† ‚Å£‚Å† ‚Å£‚Å† ‚Å£‚Å† ‚Å£‚Å†              ‚Å£",NA,Bruhome,HJ,1
55,2021 Q4,2021-12-02T00:00:00Z,Kg. Kulapis,120000,Terrace,2,Resale,0.04,1200,3,3,Leasehold,NA,"üí•MODERN DOUBLE-STOREY TERRACEüí•  ‚úÖ Kekal/In Perpetuity (Perumahan Am) ‚úÖ1200+-sqft ‚úÖ0.04Acre-0.05Acre ‚úÖ3 Bedrooms 3 Bathrooms  üìç JALAN BEBATIK-KULAPIS , KG KULAPIS  üí• 5 MINUTES TO MASJID KG KULAPIS  üí• 6 MINUTES TO MULAUT FILLING STATION  üí• 6 MINUTES TO DELI FURNITURE , KATIMAHAR üí• 7 MINUTES TO HUAHO MULAUT  ONLY FROM $120,000( FOR EARLYBIRD PRICE)  Monthly Repayment :  $650.00 x 25years $753.00 x 20years  Contact/SMS/Whatsapp : Pg D @homeby.PgD üè° üì≤ +6738894784 Enjoy the experience of buying a house and soon to be call your HOME!",NA,Bruhome,HJ,1
56,2021 Q4,2021-11-05T00:00:00Z,Kg. Salar,148000,Apartment,NA,New,0.086,1112,3,2,Strata,NA,"üè†Kg Salar  üéâüéâüéâNew listing  üí•5 units left üí•Affordable and Beautiful.  Your Dream House Awaits. Own a Home that is meant for you. Call us now.  üí≤$148,000 (corner) ‚úÖPlot 10 (A8) 0.086 acre kekal ‚úÖüìê1112sf ‚úÖ3üõå2üõÄ ‚úÖCar Porchüöò  üí≤$125,000 (intermediate) ‚úÖPlot 5 - Plot 8 0.0466 acre kekal ‚úÖüìê1074sf ‚úÖ3üõå2üõÄ ‚úÖCar Porchüöò  üéÅFree Sale & Purchase Agreement üéÅFree 1 year fire insurance üéÅ Water Heater üéÅWater Tank + Pump üéÅKitchen Cabinet   ‚òéÔ∏è8711651 ‚òéÔ∏è8834798",NA,Bruhome,HJ,1
57,2022 Q2,2022-04-14T00:00:00Z,Kg. Tungku,250000,Detached,2,New,0.083,3000,4,4,Freehold,NA,*LAST UNIIT* Double Storey Detached House with quality Materials and Fittings! & FULL LOANü•≥  Location : Tungku SPG.342-22-101   Status : Earthwork Completed 4 Bedroom‚Ä®4 Bathroom‚Ä®Built-Up Area 3000 Sq.ft‚Ä®Land Size  0.083 Acre Kekal / In-Perpetuity ‚Ä® ‚úÖ1) Quality Imported Branded Sanitary Ware (American Standard or Equivalent) ‚úÖ2) Concrete Fencing ‚úÖ3) Aluminium/Steel Gate with Automatic Motor ‚úÖ4) Quality Simons Electrical Switches + Led Lightings ‚úÖ5) Quality 12mm Floorings for Ground and First Floor ‚úÖ6) Exterior quality wooden panel ceiling  Contact WhatsApp +673 8622690 / +673 7332666,NA,Bruhome,HJ,0
58,2022 Q4,2022-11-15T00:00:00Z,Kg. Kapok,230000,Semi-Detached,2,,0.065,1820,4,3,Freehold,NA,"(1 UNIT) TWO STOREY SEMI DETACHED  Location : Kg Kapok Selling Price : $230k  Land Area : 0.065 Acre (Kekal/In Perpetuity) Floor Area : 1,820 Sq Ft  House Features :- 4 Bedroom 3 Bathroom 1 Living Area 1 Dining Area 1 Family Area 1 Dry Kitchen 1 Laundry Area 1 Balcony 2 Carporch  üåü3 mins to Muara Town üåü20 mins to Huaho Department Store  üåüDual access to Old Main Road and Highway üåüVery close to Kapok Mosque üåü Nearby are Kindergarten üåü3 mins to Primary School üåüSeveral shop along the main road  Kindly whatsapp us at 8909328/7449328 for the House Plan and Site Location üòä",NA,Bruhome,HJ,1
59,2022 Q2,2022-04-11T00:00:00Z,Kg. Tanah Jambu,375000,Detached,NA,Proposed,NA,3132,NA,NA,Freehold,NA,"SH-J24 - PROPOSED DETACHED FOR SALE (TYPE A)  ‚ñ™Ô∏è4+1 bedrooms & 5 bathrooms  ‚ñ™Ô∏è3,132 sqft  Fromüí≤375,000.00   WhatsApp 7178886 for more information  Or click below     HOMECITY PROPERTY & MANAGEMENT SDN BHD (ISO9001:2015 & BOVEA CERTIFIED REAL ESTATE AGENT: Certificate Registration No: 000321EA)                             @homecity_propertymanagement",NA,Bruhome,HJ,0
60,2021 Q1,2021-01-18T00:00:00Z,Kg. Kilanas,238000,Semi-Detached,NA,,0.08,2500,4,3,Freehold,NA,"SEMI-DETACHED HSE AT DADAP FOR SALE!!! . SELLING PRICE $238K. INCLUSIVE OF FREEBIES AND 1 YEAR PROTECTION PLAN (T&C APPLIED). . CONSTRUCTION START IN FEB 2021. . SPG 80, DADAP (ROAD FRONTAGE), 3 MINS DRIVE FROM MAIN ROAD. ACCESSIBLE FROM JLN TELANAI (NEW ROAD). . -PERPETUITY/KEKAL LAND -0.08 ACRES -APPX 2,500 SQ FT -4 BEDROOMS  -3 TOILETS -BALCONY -LIVING AREA -DINING AREA -KITCHEN -LAUNDRY AREA -2 CAR PORCH -COMPOUND  . WE CAN ASSIST TO CALCULATE YOUR BANK'S HOME LOAN ENTITLEMENT . . GUIDING YOU THROUGH BANKING AND LAWYER PROCESS. . ALSO ASSIST TO SELL, BUY, INVEST, RENT AND DEVELOP. . FOR MORE INFO CONTACT +673 8630023.",NA,Bruhome,HJ,0
61,2023 Q1,2023-02-27T00:00:00Z,Kg. Bengkurong,268000,Detached,2,Resale,0.127,2210,4,4,Freehold,NA,<Bengkurongüî•>  Double Storey Detached Home Now For Sale:  Bengkurong - Behind WYWY Restaurant  0.127 Acres Approx. 2210 Sq Ft 4 Bedrooms 4 Bathrooms  Kekal | In Perpetuity   $268k - $1452 Monthly!  Contact/SMS/Whatsapp @homestageteam : Justin Hau - to enjoy the best buying experience and get top notch consultation on how you can get started on your dream home! üè° üì≤ +6738881555,NA,Bruhome,HJ,1
62,2023 Q4,2023-12-09T00:00:00Z,Kg. Kilanas,419000,Detached,2,Proposed,0.101,2403,3,2,Freehold,NA,"(PROPERTY CODE : DH-341) KG KILANAS  üåüEarly Bird's Offer NOW!! üåü Open for BOOKING now!  11 units, modern design detached house for sale in Kg Kilanas.  FEATURES OF HOUSE :  ‚ú®TYPE 1: Ground floor : - Guest room - 1 common toilet - Dining area - Living area - Laundry room - Storage room - Patio - Kitchen - Car porch  First floor : - Master bedroom ensuite with balcony - 2 bedrooms ensuite - Family area  ** 2, 403sq ft ** 0. 101ac & 0. 112ac ** Kekal ** Proposed ** Normal Selling price of $449k (for Bank Loan), NOW Early Bird¬¥s offer of $419k (Bank Loan only). For Cash Buyer limited offer of $369k  ‚ú®TYPE 2 : Ground floor : - Guest room - 1 common toilet - Store room - Laundry area - Kitchen - TV room  First floor : - Master bedroom ensuite, with balcony - 1 bedroom ensuite with balcony - 2 bedrooms - 1 common toilet - Family area  ** 2, 644. 69sq ft ** 0. 095ac to 0. 116ac ** Kekal ** Proposed ** Normal selling price of $489k (for Bank Loan), NOW Early Bird¬¥s offer of $459k (for Bank Loan only). For Cash Buyer limited offer of $409k .   üí•Price inclusive of Sales & Purchase Agreement  üí•Built in wardrobes for all bedrooms  üí•Built in kitchen counter-top  *** ONLY ACCEPT CASH OR BANK LOAN *** *** KINDLY CHECK WITH BANK FOR LOAN ENTITLEMENT ***  (PRICES ARE SUBJECT TO CHANGE WITHOUT PRIOR NOTICE. )  Interested serious buyers, pls call or whatsapp only , Alice : 711 8577 for faster response.  Follow us on :- Facebook : G. A. Real Estate Agency Instagram : g. a. realestate  (BoVEA Certified Real Estate Agent with Practising Certificate No. 2023-2024 BoVEA/EA003)  ** All 3D images and Renderings are for illustration purposes only **",NA,Bruhome,HJ,1
63,2022 Q4,2022-11-07T00:00:00Z,Kg. Jerudong,470000,Detached,2,Proposed,0.147,3500,5,5,,NA,"Proposed Jerudong detached! üëãüòä  3,500sq ft & 0.147 acres 5 Bedrooms 5 Bathrooms  Price: $470K (type A)  Inquire now üì≤ 8829769  Dan Basrah Real Estate Changing Lives, one Home at a time üè°",NA,Bruhome,HJ,1
64,2022 Q4,2022-10-18T00:00:00Z,Kg. Sengkurong A,268000,Detached,2,Proposed,0.09,2202,4,3,Freehold,NA,"PROPOSED PLOT A TWO STOREY SINGLE DETACHED HOUSE  Location : Sengkurong A Selling Price : $268k  Status : TCP Approved Land Area : 0.090 Acre Total Open/Enclosed Area : 2,202 Sq Ft  House Features :- 4 Bedroom 3 Bathroom 1 Living Area 1 Dining Area 1 Family Area 1 Kitchen 1 Laundry Area 1 Balcony 2 Carporch  üåü3 mins to Sayyidina Husain Secondary School and Bakti Dewa School üåü3 mins to Sekolah Rendah Sengkurong üåü3 mins to Sultan Sharif Ali Mosque üåü5 mins to Al-Ameerah Al-Hajjah Maryam Mosque üåü5 mins to Jerudong Park Playground üåüAmenities can be found nearby such as Convenience Stores, Workshop, Bank, Sport Complex etc üåüMany Restaurants and Cafes to choose from  Kindly whatsapp us at 8909328/8827166 for the House Plan and Site Locationüòä",NA,Bruhome,HJ,1
65,2021 Q4,2021-11-17T00:00:00Z,Kg. Jangsak,250000,Detached,NA,Proposed,0.5,2000,3,2,Freehold,NA,"Alhamdulillah. Berkesempatan turun ke tapak pembinaan 14 unit rumah üè°üè°üè°üè° detached kemarin petang di Jangsak bersama pemaju dan client. Lokasi ani menarik kerana ianya boleh di akses dari Bunut dan Jangsak üëç  Insya'Allah kalau semuanya berjalan lancar, projek pembinaan akan dimulakan pada bulan Februari 2022. Status masani: meratakan tanah tapak.  Projek ani antara yang menawarkan harga rumah detached yang berbaloi untuk dipertimbangkan üòäüëç Sila rujuk saja video insights yang ku buat sebelum ani untuk mengetahui apa kebaikan membeli rumah proposed berbanding yang sudah siap.  Ada beberapa unit sudah kana beli. Sekiranya berkenan dengan tapak ani, boleh BOOKING di üì≤ 8829769.  Sebelum itu baiknya terlebih dahulu periksa dengan pihak bank untuk perkiraan jumlah kelayakan pinjaman üòä  Dan Basrah Real Estate, Changing Lives, one Home at a time üå≤üè°üå≥",NA,Bruhome,HJ,0
66,2020 Q3,2020-07-27T00:00:00Z,Kg. Jerudong,249000,Terrace,2,Under Construction,0.05,2500,4,3,Freehold,NA,". . Follow @goldendome_realestate.bn . . Under Construction, KG Jerudong, Double Storey Terrace house with,  ‚Ä¢ 4 Bedrooms ‚Ä¢ 3 Bathrooms  GROUND FLOOR - Living Room - Guest Room - Dining - Kitchen - Family area - Bathroom - Car porch  FIRST FLOOR - MasterBedroom w T&B + balcony - Bedroom 1  - Bedroom 2  - Family Area - Bathroom  House is Approx 2,500+sq ft & KEKAL with land area from 0.05 Acres  Location : Next to jerudong Main Road.  Selling price from $249,000   Available units (17,18,20,21,22,24) Open for bookings  Contact 7318881 for viewing arrangements & property offers . . .",NA,Bruhome,HJ,1
67,2021 Q4,2021-10-28T00:00:00Z,Kg. Tanah Jambu,250000,Semi-Detached,NA,Proposed,NA,2036,5,2,Freehold,NA,"T-H/1217 - HOUSE FOR SALE! . Affordable Family Home in a prime location! Walk away distance to new upcoming Bunut Mall, Tg Bunut Mosque, Schools and Shopping Complex. This Proposed Semi-Detached House offers 2,036 sqft with 5 bedrooms, kitchen, living & dining area and etc. Furthermore, the property comes with Free S&P, Aircons and Light Fittings worth up to B$6,600 for a limited time only! . For more enquiries, feel free to contact us via DM, call at 222 2288 / 877 2263 / 888 8713 or visit www.valorproperty.com/properties .",NA,Bruhome,HJ,0
68,2022 Q1,2022-03-01T00:00:00Z,Kg. Beribi,318000,Detached,3,,0.108,3360,4,4,Freehold,NA,"üí•BERIBIüí•  FOR SALE Modern Three Storey Detached House  PRICE : $318k ( BEST PRICE GUARANTEED )  üìçLocation : Simpang 85, Kampung Beribi  - 4 bedrooms - 4 bathrooms - 3360 square feet - 0.108 Acres - Covered car porch for 2 cars - FULLY FURNISHED!!!  Only takes 1 minute to reach Main Road!!  Amenities includes Starbuck, Supa Save, Farmgate, Masjid Beribi, The walk, Annajat and etc!!  Kindly contact 8662649 for more inquiries while it still last!! Thank you.",NA,Bruhome,HJ,1
69,2023 Q2,2023-04-20T00:00:00Z,Pekan Kuala Belait,290000,Apartment,NA,,NA,1600,3,2,Strata,NA,"üî• FULLY FURNISHED üè° MODERN APARTMENT FOR SALE (SH-KB186)üî•  üìç Jalan Kerma Negara, Kuala Belait üí∞ Selling Price: $290,000.00  üõè 3 bedroom üõÅ 2 bathroom üöó 1 designated parking space ‚≠ê Floor size approx. 1,600 sqft ‚≠ê Strata 99 years  ‚≠ê Modern open-concept design  ‚≠ê Inclusive fixtures & fittings, fully furnished  ‚≠ê Facilities: Swimming pool, gym, playground   üöó Convenience  ‚ñ™1 min to nearest shops & restaurants ‚ñ™5 mins to KB Hospital, KB Sentral & highway ‚ñ™6 mins to KB town ‚ñ™15 mins to BSP  We assist in: ‚úÖ Bank Loan Application ‚úÖ TAP Withdrawal ‚úÖ Legal Documentation Arrangement  CONTACT US via WhatsApp for more information      HOMECITY PROPERTY & MANAGEMENT SDN BHD (ISO9001:2015 & BOVEA CERTIFIED REAL ESTATE AGENT: Certificate Registration No: 000321EA)                            @homecity_propertymanagement",NA,Bruhome,HJ,1
70,2021 Q2,2021-04-01T00:00:00Z,Kg. Subok Kota Batu,438000,Detached,2,Under Construction,0.221,3500,4,4,,NA,"(  DETACHED HOUSE FOR SALE @ SUBOK  Please visit our Facebook page, G. A. Real Estate & Development, or Instagram, g. a. realestate, for updated listing of properties for sale or rent.   1 unit, under-construction detached house for sale in Subok.   4 bedrooms 4 toilets/bathrooms Built up area of 3, 500sq ft Land size of 0. 221ac Completion will be in mid May 2021 Kekal Selling price of $438k  *** ONLY ACCEPT CASH OR BANK LOAN ***  (PRICES ARE SUBJECT TO CHANGE WITHOUT PRIOR NOTICE. )  Interested serious buyers, pls call or whatsapp , Alice : 7118577 for more information or to schedule a meet-up for property viewing. No PM/INBOX and NO BROKER, pls.",NA,Bruhome,HJ,1
71,2023 Q2,2023-05-18T00:00:00Z,Kg. Sungai Hanching,420000,Detached,NA,New,0.109,3000,5,2,Freehold,NA,"üìΩ Finally a Video review of the üìçSg Hanching detached house for sale üè°üòÅ very lovely and spacious interior.  Please excuse the faded paint and also my sweaty face, was a ü•µ hot day.  Details: 5 bedrooms Built in kitchen cabinet  3,000 sq feet 0.109 acres Kekal Land  Selling for $420K  Book NOW! üì≤ 8829769  Dan Basrah Real Estate  Changing Lives, one Home at a time üíö",NA,Bruhome,HJ,1
72,2023 Q3,2023-09-30T00:00:00Z,Kg. Tanjong Nangka,268000,Detached,3,Proposed,NA,1838,NA,NA,Freehold,NA,"üî•HOT & NEW! üè° PROPOSED 3 STOREY DETACHED FOR SALE (SH-JT64)üî•  üìç Kg Tangjong Nangka, Jalan Tutong üí∞ Selling Price: $268,000.00  üõè 5 bedrooms üõÅ 4 bathrooms üöó 2 parking space ‚≠ê Kekal | In Perpetuity ‚≠ê Land size 0.083-0.095 ac ‚≠ê Floor size 1,838 sqft ‚≠ê Road frontage  üöó Convenience ‚ñ™1 min to nearest shop & restaurants ‚ñ™3 mins to nearest school, mosque & supermarket ‚ñ™12 mins to JPMC area  ‚ñ™20 mins to airport & city centre  We assist in: ‚úÖ Bank Loan Application ‚úÖ Legal Documentation Arrangement  CONTACT US via WhatsApp for more information      HOMECITY PROPERTY & MANAGEMENT SDN BHD (ISO9001:2015 & BOVEA CERTIFIED REAL ESTATE AGENT: Certificate Registration No: 000321EA)                            @homecity_propertymanagement",NA,Bruhome,HJ,1
73,2020 Q3,2020-07-08T00:00:00Z,Pekan Kuala Belait,350000,Apartment,NA,New,0.25,2000,3,2,Strata,NA,"Luxurious apartment for sale at Kuala Belait Code: SH-KB124 Selling price: $350,000.00 Walking distance to supermarket, Coffee bean and Starbucks. Road frontage and easy access Panoramic Sea View Other facility: Playground at 1st floor and top floor. Multi purpose hall at 9th floor 1 spacious living area 1 modern open concept kitchen and dining area 2 spacious bedroom sharing 1 toilet 1 spacious master bedroom ensuite toilet 2 balcony facing to west side, with sea  view.  Kindly contact Homecity property office at http://wa.me/6738720883 , http://wa.me/6737178886 , http://wa.me/6737188883 for more details!",NA,Bruhome,HJ,1
74,2023 Q2,2023-04-11T00:00:00Z,Kg. Sungai Tilong,345000,Detached,NA,New,0.107,2750,6,6,Freehold,NA,"üí•SUNGAI TILONGüí•  Modern Detached House  Price - From $345k - $375k  üìçLocation : Simpang 255  - 5+1 bedrooms - 5+1 bathrooms - Approx 2750 sq ft - 0.107 Acres - 0.186 Acres - Covered car porch for 2 cars - Stainless steel gate - Built in kitchen cabinets - Built in wardrobe  Just 2 minutes to reach Main Road and another 1 minute to Roundabout ( Muara - Sungai Akar - Manggis ) Amenities includes Manggis Huaho, Aman Hill, Shell Station and etc.   Kindly contact +673 8662649 for more inquiries while it still last!! Thank you.",NA,Bruhome,HJ,1
75,2021 Q2,2021-05-04T00:00:00Z,Kg. Tanah Jambu,424000,Detached,2,,NA,2000,3,2,Freehold,NA,"Existing well maintained detached FOR SALE!  üè† 2000 -/+ Sq ft üõå 3 bedrooms üõÄ 2 bathrooms üè∑ B$424,000  Strata  ‚úÖmodern style ‚úÖpanoramic city view ‚úÖclose to shopping amenities  WhatsApp 8720883 for more information Or click below                              @homecity_propertymanagement",NA,Bruhome,HJ,1
76,2022 Q4,2022-12-26T00:00:00Z,Kg. Tungku,300000,Terrace,1,Resale,0.25,1500,3,2,Leasehold,NA,"For more information, kindly contact admin  http://www.wasap.my/+6738325252",NA,Bruhome,HJ,0
77,2023 Q4,2023-10-28T00:00:00Z,Kg. Putat,230000,Detached,2,Proposed,0.108,2138,3,3,Freehold,NA,"üî•PROPOSED üè° DETACHED HOUSE FOR SALE (SH-K.BA9)üî•  üìç Jalan Kasat, Putat üí∞ Selling Price: $230,000.00  üõè 3 bedrooms üõÅ 3 bathrooms üöó 2 parking space ‚≠ê Land size 0.108 ac ‚≠ê Floor size 2,138 sqft ‚≠ê Kekal | In Perpetuity ‚≠ê Modern concept design  üöó Convenience ‚ñ™2 mins to nearest shops ‚ñ™7 mins to nearest school ‚ñ™11 mins to RIPAS bridge ‚ñ™14 mins to city centre ‚ñ™25 mins to airport  We assist in: ‚úÖ Bank Loan Application ‚úÖ Legal Documentation Arrangement  CONTACT US via WhatsApp for more information      HOMECITY PROPERTY & MANAGEMENT SDN BHD (ISO9001:2015 & BOVEA CERTIFIED REAL ESTATE AGENT: Certificate Registration No: 000321EA)                            @homecity_propertymanagement",NA,Bruhome,HJ,1
78,2021 Q3,2021-08-11T00:00:00Z,Kg. Tanah Jambu,380000,Detached,2,New,0.1065,2970,5,5,Freehold,NA,"YOUR VERY OWN CASTLE - $380K KG TANAH JAMBU  BRAND NEW TWO STOREY HOUSE AT TANAH JAMBU   Move in Ready with OP  PRICE $380,000  Approx. 2,970sqft Approx. 0.1065ac  5 Bedrooms 5 Bathroom Ablution Area Living Room  Dining Area Store Room Balcony Foyer  Kitchen  Car Porch for 2 Cars Fencing & Gate Ceiling Lightings  Ceiling fans  Whatsapp 7174743 - - No Govt Loan.   BOVEA REAL ESTATE AGENT REGISTRATION NUMBER: 00121EA",NA,Bruhome,HJ,1
79,2023 Q4,2023-11-09T00:00:00Z,Kg. Lumut,318000,Detached,2,Resale,0.157,2576,4,3,Freehold,NA,<Lumut D3üî•>  Double Storey Detached Home Now For Sale:  Lumut - Nearby Oiltown Coffee & Tea  Approx 0.157 Acres Approx 2576 Sq Ft 4 Bedrooms 3 Bathrooms  $318k - $1723 Monthly!  Contact/SMS/Whatsapp @homestageteam : Justin Hau - to enjoy the best buying experience and get top notch consultation on how you can get started on your dream home! üè° üì≤ +6738881555,NA,Bruhome,HJ,1
80,2023 Q2,2023-04-25T00:00:00Z,Kg. Keriam,225000,Detached,2,,0.133,2008,4,3,Freehold,NA,"from $218K - UNDER CONSTRUCTION TWO STOREY DETACHED HOUSE AT KG BANGSINGONG, KERIAM  Project site on LOT 13075 at Spg 665 Jalan Tutong, Kg Bangsingong, Keriam  Approx. 1km to Jalan Bukit Panggal leading to Hiway  Project on Lot 13075 at Spg 665 Jalan Tutong https://goo.gl/maps/YaABS4MBGi9ngqnp8  Plot 2 - $218,000 Approx. 2,008sqft Approx. 0.121acre  Plot 4 - $225,000 - CORNER  Approx. 0.133ac Approx. 2,008sqft  In Perpetuity / Kekal 4 Bedroom 3 Bathroom Kitchen  Living Area Dining Area Family Area Laundry Area Carporch for 2 Cars Fence & Gate  Whatsapp: 7174743 - No Govt Loan.   BOVEA REAL ESTATE AGENT REGISTRATION NUMBER: 00121EA  Penafian : Semua gambar, ilustrasi 3D, imej, pelan lantai, dimensi dan pengukuran adalah hanya anggaran. Semua gambar, ilustrasi 3D, imej, pelan lantai, dimensi dan ukuran ditunjukkan untuk tujuan ilustrasi sahaja dan mengandungi item yang tidak termasuk dalam spesifikasi projek ini.  Disclaimer : All photographs, 3D illustrations, images, floor plans, dimensions and measurements are an approximate only. All photographs, 3D illustrations, images, floor plans, dimensions and measurements are shown for illustrative purposes only and contain items that are not included in this project specifications.",NA,Bruhome,HJ,1
81,2021 Q3,2021-07-05T00:00:00Z,Kg. Sungai Kuru,268000,Semi-Detached,NA,Proposed,0.064,2110,4,3,Freehold,NA,"üè°Kg. Sg. Kuru Mukim Liang üè°2 units D/S Semi Detached ‚úÖPROPOSED Early bird booking ‚úÖ0.064acre Kekal ‚úÖüõå4üõÄ3üöò2 ‚úÖüìê2110sf üí≤@$268,000 ‚òéÔ∏è8711651 ‚òéÔ∏è8834798",NA,Bruhome,HJ,1
82,2021 Q3,2021-09-09T00:00:00Z,Kg. Sengkurong B,335000,Detached,NA,Under Construction,0.141,2745,4,5,Freehold,NA,"(  DETACHED HOUSE FOR SALE @ KG SENGKURONG 'B'  Please visit our Facebook page, G.A. Real Estate & Development, or Instagram, g.a.realestate, for updated listing of properties for sale or rent.  (BOVEA CERTIFIED REAL ESTATE AGENT: Certificate Registration No: 00221EA)  6 units, detached house for sale in Kg Sengkurong 'B'.  4 bedrooms 5 toilets/bathrooms 2,745sq ft. Land size of 0.141ac - 0.156ac Kekal Under-construction stage Selling price of $335k  *** ONLY ACCEPT CASH OR BANK LOAN ***  (PRICES ARE SUBJECT TO CHANGE WITHOUT PRIOR NOTICE.)  Interested  serious buyers, pls call or whatsapp ,  Alice : 7118577 for more information or to schedule a meet-up for property viewing.  No PM/INBOX and NO BROKER, pls.",NA,Bruhome,HJ,1
83,2021 Q2,2021-04-08T00:00:00Z,Kg. Tungku,210000,Terrace,2,Resale,0.0366,2600,3,4,Leasehold,NA,"Existing well maintained good size intermediate terrace house.  üè† 2600-/+ Sq ft üè° 0.0366acres üõå 3+1 bedrooms üõÄ 3 bathrooms üöò 2 cars  üè∑ B$210,000.00 60 yrs lease ( 50+ years remaining)  ‚úÖFully furnished  ‚úÖAircons & Lightings  ‚úÖWater Tank & Pump  WhatsApp 8720883 for more information  Or click below                               @homecity_propertymanagement",NA,Bruhome,HJ,0
84,2022 Q4,2022-11-13T00:00:00Z,Kg. Mumong A,260000,Apartment,1,,0.005,1500,3,2,Strata,NA,"üî•SERENE ENVIRONMEMT üè° MODERN APARTMENT FOR SALE (SH-KB127)üî•  ‚ñ™Kg Mumong, KB   ‚ñ™3 bedrooms, 2 bathrooms   ‚ñ™Strata | 1,500 sqft  üí≤260,000.00   CONTACT US via WhatsApp for more information  Or click below      HOMECITY PROPERTY & MANAGEMENT SDN BHD (ISO9001:2015 & BOVEA CERTIFIED REAL ESTATE AGENT: Certificate Registration No: 000321EA)                             @homecity_propertymanagement",NA,Bruhome,HJ,1
85,2021 Q1,2021-01-16T00:00:00Z,Kg. Lumapas,158000,Terrace,NA,Proposed,0.095,1400,3,2,Freehold,NA,Proposed Modern Terrace Bungalow  Location: Kg Lumapas (Few minutes away from the RIPAS Bridge) Road Front  3 Bedroom 2 Bathroom Garage for 2 cars 1400 sqft 0.095 acre Kekal  Price starting at $158k only (Limited units)  Interested? Contact us for more details  8325252,NA,Bruhome,HJ,1
86,2023 Q1,2023-01-13T00:00:00Z,Kg. Jangsak,298000,Terrace,2,,0.0833,3218,4,4,Freehold,NA,"$235K ENJOY THE BEAUTIFUL VIEWS EVERY DAY - COMPLETED THREE-STOREY TERRACE HOUSE AT JANGSAK   Plot C - $235,000 Intermediate Unit Approx. 0.0346ac Approx. 2,408sqft Co  In Perpetuity/Kekal 4 Bedroom 4 Bathroom  Living Area Dining Area Family Area Wet Kitchen  Dry Kitchen Laundry Area Store Area Balcony Foyer Car Porch for 2 cars  PLOT F - $298,000 - Corner Unit Approx. 0.0833ac Approx. 3,218 sqft   In Perpetuity/Kekal 4 Bedroom 4 Bathroom  Living Area Dining Area Family Area Wet Kitchen  Dry Kitchen Laundry Area Store Room Foyer Large undercover garage  Whatsapp or call 7174743 - No Govt Loan.",NA,Bruhome,HJ,1
87,2020 Q3,2020-07-22T00:00:00Z,Kg. Jerudong,308000,Semi-Detached,NA,Under Construction,0.009,2600,4,3,Leasehold,NA,"CORNER SEMI DETACHED HOUSE AT JERUDONG FOR SALE!!! LAST UNIT!!! . ROAD FRONTAGE.SPG 364, JERUDONG. . T-INTERSECTION TRAFFIC LIGHT (CLOSE PROXIMITY; A MIN DRIVE TO PERTAMA DEPT. 5 MINS DRIVE TO JP)  . UNDER CONSTRUCTION. SELLING PRICE $308,000 (CORNER), $288,000 (INTERMEDIATE) . LEASE 0.009ACRES APPX 2,600 SQ FT 4 BEDROOMS 3 TOILETS FAMILY HALL DINING AREA KITCHEN STORE CAR PORCH COMPOUND  WE CAN ASSIST TO CALCULATE YOUR BANKS HOME LOAN ENTITLEMENT  . GUIDE YOU THROUGH BANKING AND LAWYER PROCESS  . ASSIST TO SELL, INVEST, RENT AND DEVELOP . FOR MORE INFO, CONTACT +673 8630023 .",NA,Bruhome,HJ,1
88,2023 Q3,2023-09-13T00:00:00Z,Kg. Panchor Lumapas,150000,Semi-Detached,NA,Proposed,0.069,1672,NA,NA,Freehold,NA,"Proposed Semi Detached Bungalow at Kg. Panchor, Lumapas   S21 155K (CORNER) Approx. 0.095ac Approx. 1,672aqft  S22 to S27 - 150K Approx. 0.069ac  Approx. 1,672sqft  S28 152K (CORNER) Approx. 0.078ac Approx. 1,672sqft  In Perpetuity/KEKAL   4 Bedroom  3 Bathroom Living Area Dining Area Kitchen Laundry Area Carporch for 2 Cars Fence & Gate  Whatsapp: 7174743, NO GOVT LOAN.  BOVEA Practicing License No: 00121EA",NA,Bruhome,HJ,1
89,2022 Q2,2022-06-06T00:00:00Z,Kg. Kiarong,260000,Terrace,3,,0.25,1500,3,3,Leasehold,NA,"üî•SH-L18 - CORNER TERRACE FOR SALEüî•  ‚ñ™Ô∏è3 bedrooms & 3 bathrooms.  ‚ñ™Ô∏èKekal  üí≤260,000.00  WhatsApp 7178886 for more information  Or click below     HOMECITY PROPERTY & MANAGEMENT SDN BHD (ISO9001:2015 & BOVEA CERTIFIED REAL ESTATE AGENT: Certificate Registration No: 000321EA)                             @homecity_propertymanagement",NA,Bruhome,HJ,0
90,2023 Q4,2023-10-20T00:00:00Z,Kg. Subok Kota Batu,328000,Detached,2,Resale,0.5,3802,4,4,Freehold,NA,<$328k Only! üî•>  Subok - Spg 415   Double Storey Link Detached Home Now For Sale:  3802 Sq Ft 4 Bedrooms 4 Bathrooms  $328k - $1776 Monthly!  Kekal | In Perpetuity   This development comes with a high ceiling living room along with premium finishes  Contact/SMS/Whatsapp @homestageteam : Justin Hau - to enjoy the best buying experience and get top notch consultation on how you can get started on your dream home! üè° üì≤ +6738881555,NA,Bruhome,HJ,1
91,2023 Q1,2023-03-21T00:00:00Z,Kg. Bengkurong,270000,Detached,NA,Under Construction,0.119,2118,4,3,Freehold,NA,"UNDER CONSTRUCTION  DETACHED BUNGALOW HOUSE AT KG BENGKURONG  Approx. 200 meters to Main Road Under construction up to roof truss Estimated completion in 3 months  Plot C - $298,000  Approx. 0.167ac (Kekal) Approx. 2,340sqft  4 Bathroom 3 Bedroom Living Area Dining Area Kitchen  Patio Car Porch for 2 cars BANK LOAN ===============  Plot B - $270,000  Approx. 0.119ac Approx. 2,118sqft  4 Bathroom 3 Bedroom Living Area Dining Area Kitchen Patio Open Terrace  Car Porch for 2 cars BANK LOAN  Please whatsapp: 7174743 - No Govt Loan  BOVEA REAL ESTATE AGENT REGISTRATION NUMBER: 00121EA  Entertainers Delight This architecturally designed bungalow will not last long!  This Detached Bungalow located in Bengkurong features four bedrooms, and four bathrooms. Spacious open living area with plenty of natural light, enjoy the garden view from your own sofa,  a separate dining area to entertain your guests. Extra patio for weekend BBQ's and functions. Large undercover car port to park two of your cars. The garden is large enough to add in a sparkling pool or private spa making it your very own back yard paradise.  Penafian : Semua gambar, ilustrasi 3D, imej, pelan lantai, dimensi dan pengukuran adalah hanya anggaran. Semua gambar, ilustrasi 3D, imej, pelan lantai, dimensi dan ukuran ditunjukkan untuk tujuan ilustrasi sahaja dan mengandungi item yang tidak termasuk dalam spesifikasi projek ini.  Disclaimer : All photographs, 3D illustrations, images, floor plans, dimensions and measurements are an approximate only. All photographs, 3D illustrations, images, floor plans, dimensions and measurements are shown for illustrative purposes only and contain items that are not included in this project specifications.",NA,Bruhome,HJ,1
92,2023 Q1,2023-03-20T00:00:00Z,Kg. Bebatik,238000,Terrace,2,New,0.071,2267,4,4,Freehold,NA,"BOVEA CERTIFIED REAL ESTATE AGENT Practising Certificate No. 2023-2024 BoVEA/EA004  Double-storey corner Terrace house for great value *Awaiting Building Approval*@Kampung Bebatik Kilanas (Plot 1A-2) Features of this property ‚úîÔ∏è4 Bedrooms/4 Toilets: Master bedroom & 2 bedrooms En-Suite ‚úîÔ∏èLand size 0.071 acre ‚úîÔ∏èFloor area 2,267 sq. ft. ‚úîÔ∏èKekal ‚úîÔ∏èPrice: üì£$238Küì£ (Original selling price $245K) (Market value is at $265K)  Inclusive in this deal: ‚úîÔ∏èFree S&P (Sales&Purchase) Agreement (¬± $4K) ‚úîÔ∏èFree light fittings (¬± $1.7K)  Item code:SL-T-3 Interested please contact +673 714 2764 or +673 717 0916 or +673 719 1926 for details and viewing. *Subject to availability*",NA,Bruhome,HJ,1
93,2023 Q2,2023-06-21T00:00:00Z,Kg. Pangkalan Gadong,225000,Terrace,NA,New,0.043,1873,4,4,Freehold,NA,"üî•WITH RENTAL INCOME üè° TERRACE INTERMEDIATE FOR SALE (SH-G103)üî•  üìç Tungku Link, Gadong üí∞ Selling Price: $225,000.00  üõè 4 bedroom üõÅ 4 bathroom üöó 2 parking space ‚≠ê Kekal | In Perpetuity ‚≠ê Land Size 0.043 ac ‚≠ê Floor size approx. 1,873 sqft  üöó Convenience ‚ñ™2 mins to highway ‚ñ™2 mins to nearest shops & restaurants ‚ñ™13 mins to Airport / Gadong central ‚ñ™17 mins to City Centre  We assist in: ‚úÖ Bank Loan Application ‚úÖ TAP Withdrawal ‚úÖ Legal Documentation Arrangement  CONTACT US via WhatsApp for more information      HOMECITY PROPERTY & MANAGEMENT SDN BHD (ISO9001:2015 & BOVEA CERTIFIED REAL ESTATE AGENT: Certificate Registration No: 000321EA)                            @homecity_propertymanagement",NA,Bruhome,HJ,1
94,2021 Q4,2021-10-04T00:00:00Z,Kg. Wasan,188000,Detached,NA,Under Construction,0.1,1000,NA,NA,Leasehold,NA,"LIST OF SINGLE DETACHED HOUSE FOR SALE üìçKg Baong Lumapas - $240,000 üìçKg Kilugus Lumapas - $220,000 üìçKg Wasan - $188,000 (Under Construction) üìçKg Parit Temburong - $188,000 üìçKg Lumapas Jln Junjongan - $268,000 (Renovation) üìçKg Kuala Lurah - $188,000  LIST OF SEMI DETACHED HOUSE FOR SALE üìçKg Baong Lumapas - $190,000 üìçKg Kilugus Lumapas - $195,000 üìçKg Kapok - $230,000 üìçKg Lumapas Jln Junjongan - $190,000 üìçKg Kuala Lurah - $168,000  Do whatsapp +6738909328 for further details.",NA,Bruhome,HJ,1
95,2020 Q4,2020-10-30T00:00:00Z,Kg. Panchor Lumapas,200000,Semi-Detached,NA,Proposed,0.066,2500,5,3,Freehold,NA,"$198K - 5 BEDROOM PROPOSED SEMI DETACHED HOUSES KG. PANCHOR, MUKIM LUMAPAS  TYPE 2 - 8 UNITS SEMI DETACHED HOUSES   PLOT 1,4,5,6,7,8 - PRICE $198,000 Approx: 2,500 SQFT Approx: 0.060AC  PLOT 2 & 3 - PRICE $200,000 Approx: 2,500 SQFT Approx: 0.071 & 0.066 AC  IN PERPETUITY   5 Bedroom + Study Nook 3 Bathroom Dining Room Living Room Storage Kitchen Car Porch for 2 cars  Whatsapp: 7174743 - No Govt loan.",NA,Bruhome,HJ,1
96,2023 Q4,2023-10-25T00:00:00Z,Kg. Lumapas,380000,Detached,2,New,NA,2500,5,3,Freehold,NA,Lumapas Double story detached house,NA,Bruhome,HJ,0
97,2022 Q4,2022-11-28T00:00:00Z,Kg. Lumapas,220000,Detached,2,Proposed,0.068,2050,NA,NA,Freehold,NA,"(1 UNIT) TWO STOREY SINGLE DETACHED HOUSE (2 UNIT) TWO STOREY SEMI DETACHED HOUSE  Location : Kilugus Lumapas Single Detached House Price : $220k Semi Detached House Price : $195k  Status : Piling Stage Land Area : 0.068 - 0.086 Acre (Kekal/In Perpetuity) Total Open/Enclosed Area : 2,050 - 2,052 Sq Ft  üåü10 mins drive to RIPAS Bridge üåü3-5 mins to Lumapas Religious School and Secondary School üåüVery close to Lumapas mosque, Tasamul Gas Station and Lumapas Post Office üåüSeveral shop can be found nearby  Kindly whatsapp us at 7449328/8827166 for the House Plan and Site Location üòä",NA,Bruhome,HJ,1
98,2022 Q1,2022-01-18T00:00:00Z,Pekan Kuala Belait,250000,Apartment,1,,0.05,1000,2,2,Strata,NA,RH-KB234 - Well maintained apartment with a river view in Kuala Belait  1 living area 1 dining area 1 open concept kitchen  1 laundry room and 1 storeroom 1 guest bedroom  1 guest toilet 1 master bedroom ensuite toilet 1 designated parking lot  ‚úÖ Located in Kuala Belait ‚úÖ Walking distance to shops & restaurants ‚úÖ No lift facility  WhatsApp 7178886 for more information  Or click below     HOMECITY PROPERTY & MANAGEMENT SDN BHD (ISO9001:2015 & BOVEA CERTIFIED REAL ESTATE AGENT: Certificate Registration No: 000321EA)                             @homecity_propertymanagement,NA,Bruhome,HJ,0
99,2022 Q3,2022-08-25T00:00:00Z,Kg. Putat,129900,Terrace,NA,Proposed,0.049,1130,3,3,Leasehold,NA,"üìç Kg Putat Terrace For Sale üáßüá≥ üí•Bank LOAN/Cash üí• üí•28 Unit üí•  Price:  $138,500 Intermediate unit  $148,500 Corner unit  üí• Promo Priceüí• üí• $129,900 Intermediate Unit (green color only) üí• üí•$132,900 Corner Unit (green color only) üí•  üí∞ Save üí∞ üí∞ $8,600 Intermediate Unit!!! üí∞ üí∞$15,600 Corner Unit!!! üí∞  üî® Status: Propose Stage   28 Unit Left  Booking $500  Land Size 0.029-0.049 Acre ( Kekal )  üè† 1130+ sqft üõèÔ∏è 3 Bedrooms üõÄ 3 Bathrooms  (Master Bedroom Ensuite)  üõãÔ∏è Living Room üçΩ Dining Room üß∫ Laundry area ‚òï Kitchen  - Lot 2091  Location https://goo.gl/maps/QCeNXNFvovn44VFDA  DM / WA üì≤  wasap.my//6737166821 Haji Hariz   wasap.my//6738915661 Yussuf",NA,Bruhome,HJ,1
100,2022 Q1,2022-02-15T00:00:00Z,Kg. Sungai Teraban,280000,Terrace,NA,New,0.25,2000,NA,3,Leasehold,NA,"SH-KB157 - INTERMEDIATE TERRACE FOR SALE   ‚ñ™Ô∏èJalan Rasau, KB  ‚ñ™Ô∏èLeasehold  üí≤280,000.00  WhatsApp 7178886 for more information  Or click below     HOMECITY PROPERTY & MANAGEMENT SDN BHD (ISO9001:2015 & BOVEA CERTIFIED REAL ESTATE AGENT: Certificate Registration No: 000321EA)                             @homecity_propertymanagement",NA,Bruhome,HJ,0